{"type": "block", "layer": 6, "block": 0, "features": [{"geom": {"polygons": [[[[-39.14849090487775, -25.055034179121773], [-39.14849090487775, 25.05503417912175], [39.14849090487774, 25.05503417912175], [39.14849090487774, -25.055034179121773], [-39.14849090487775, -25.055034179121773]]]], "centroids": [[0.0, -8.762252885955843e-15, 0.0]], "h": -0.313187927239022}, "mtl": {"face": 0, "edge": 1}}]}