{"type": "block", "layer": 18, "block": 0, "features": [{"geom": {"lines": [[[-39.14849090487775, -25.055034179121773, 6.2637585447804405], [-39.14849090487774, 25.05503417912175, 6.2637585447804405], [39.14849090487774, 25.05503417912175, 6.2637585447804405]]]}, "mtl": 0}]}