{"type": "block", "layer": 19, "block": 0, "features": [{"geom": {"lines": [[[-39.14849090487775, -25.055034179121773, 12.527517089560881], [-39.14849090487774, 25.05503417912175, 12.527517089560881], [39.14849090487774, 25.05503417912175, 12.527517089560881]]]}, "mtl": 0}]}