{"type": "block", "layer": 21, "block": 0, "features": [{"geom": {"lines": [[[-39.14849090487775, -25.055034179121773, 25.055034179121762], [-39.14849090487774, 25.05503417912175, 25.055034179121762], [39.14849090487774, 25.05503417912175, 25.055034179121762]]]}, "mtl": 0}]}