{"type": "block", "layer": 22, "block": 0, "features": [{"geom": {"lines": [[[-39.14849090487775, -25.055034179121773, 31.3187927239022], [-39.14849090487774, 25.05503417912175, 31.3187927239022], [39.14849090487774, 25.05503417912175, 31.3187927239022]]]}, "mtl": 0}]}