{"type": "block", "layer": 24, "block": 0, "features": [{"geom": {"lines": [[[-39.14849090487775, 25.05503417912175, 12.527517089560881], [-39.14849090487774, -25.055034179121776, 12.527517089560881], [39.14849090487774, -25.055034179121776, 12.527517089560881]]]}, "mtl": 0}]}